#,Date-Time (EDT),Ch:1 - Temperature   (°C),Ch:2 - Light   (lux)
1,07/13/2023 11:37:44,32.56,17710.08
2,07/13/2023 12:37:44,32.17,25917.44
3,07/13/2023 13:37:44,37.84,33966.08
4,07/13/2023 14:37:44,31.10,10946.56
5,07/13/2023 15:37:44,19.77,3121.92
6,07/13/2023 16:37:44,33.80,49541.12
7,07/13/2023 17:37:44,33.20,37058.56
8,07/13/2023 18:37:44,31.06,23173.12
9,07/13/2023 19:37:44,27.88,10416.64
10,07/13/2023 20:37:44,21.19,616.48
11,07/13/2023 21:37:44,17.84,10.56
12,07/13/2023 22:37:44,17.76,10.35
13,07/13/2023 23:37:44,17.29,9.29
14,07/14/2023 00:37:44,16.60,8.24
15,07/14/2023 01:37:44,16.64,6.76
16,07/14/2023 02:37:44,17.03,6.32
17,07/14/2023 03:37:44,16.99,4.42
18,07/14/2023 04:37:44,15.53,0.00
19,07/14/2023 05:37:44,13.30,279.76
20,07/14/2023 06:37:44,16.34,5432.32
21,07/14/2023 07:37:44,21.96,17561.60
22,07/14/2023 08:37:44,21.79,14238.72
23,07/14/2023 09:37:44,27.80,28805.12
24,07/14/2023 10:37:44,35.90,54476.80
25,07/14/2023 11:37:44,34.49,52428.80
26,07/14/2023 12:37:44,40.54,76533.76
27,07/14/2023 13:37:44,36.55,69980.16
28,07/14/2023 14:37:44,35.90,77578.24
29,07/14/2023 15:37:44,37.84,37294.08
30,07/14/2023 16:37:44,38.82,44687.36
31,07/14/2023 17:37:44,36.68,38000.64
32,07/14/2023 18:37:44,34.19,22917.12
33,07/14/2023 19:37:44,29.98,10416.64
34,07/14/2023 20:37:44,19.35,459.68
35,07/14/2023 21:37:44,19.77,11.19
36,07/14/2023 22:37:44,19.60,9.71
37,07/14/2023 23:37:44,19.56,9.71
38,07/15/2023 00:37:44,17.03,9.29
39,07/15/2023 01:37:44,16.21,8.42
40,07/15/2023 02:37:44,17.67,6.11
41,07/15/2023 03:37:44,17.76,5.26
42,07/15/2023 04:37:44,16.73,1.47
43,07/15/2023 05:37:44,16.77,213.84
44,07/15/2023 06:37:44,19.69,9748.48
45,07/15/2023 07:37:44,23.76,17904.64
46,07/15/2023 08:37:44,32.13,30167.04
47,07/15/2023 09:37:44,35.48,29327.36
48,07/15/2023 10:37:44,37.23,34467.84
49,07/15/2023 11:37:44,38.26,41656.32
50,07/15/2023 12:37:44,40.02,39065.60
51,07/15/2023 13:37:44,39.04,60538.88
52,07/15/2023 14:37:44,43.93,57057.28
53,07/15/2023 15:37:44,37.96,13921.28
54,07/15/2023 16:37:44,35.35,14300.16
55,07/15/2023 17:37:44,39.29,35870.72
56,07/15/2023 18:37:44,35.86,19220.48
57,07/15/2023 19:37:44,26.17,2477.44
58,07/15/2023 20:37:44,23.46,155.08
59,07/15/2023 21:37:44,22.35,11.40
60,07/15/2023 22:37:44,22.56,9.50
61,07/15/2023 23:37:44,21.96,10.35
62,07/16/2023 00:37:44,23.21,10.77
63,07/16/2023 01:37:44,19.90,8.45
64,07/16/2023 02:37:44,19.13,6.74
65,07/16/2023 03:37:44,18.83,3.16
66,07/16/2023 04:37:44,18.74,0.00
67,07/16/2023 05:37:44,18.66,80.48
68,07/16/2023 06:37:44,19.00,1311.36
69,07/16/2023 07:37:44,26.85,31569.92
70,07/16/2023 08:37:44,30.07,38318.08
71,07/16/2023 09:37:44,26.72,16220.16
72,07/16/2023 10:37:44,26.04,12032.00
73,07/16/2023 11:37:44,23.08,6648.32
74,07/16/2023 12:37:44,25.61,16855.04
75,07/16/2023 13:37:44,38.99,36577.28
76,07/16/2023 14:37:44,34.75,15575.04
77,07/16/2023 15:37:44,40.75,44011.52
78,07/16/2023 16:37:44,38.78,43601.92
79,07/16/2023 17:37:44,34.70,30914.56
80,07/16/2023 18:37:44,32.60,16819.20
81,07/16/2023 19:37:44,26.51,5319.68
82,07/16/2023 20:37:44,18.74,313.68
83,07/16/2023 21:37:44,17.59,11.61
84,07/16/2023 22:37:44,19.39,10.98
85,07/16/2023 23:37:44,19.00,9.93
86,07/17/2023 00:37:44,16.04,9.71
87,07/17/2023 01:37:44,15.14,8.00
88,07/17/2023 02:37:44,15.10,6.76
89,07/17/2023 03:37:44,14.54,5.90
90,07/17/2023 04:37:44,15.66,0.21
91,07/17/2023 05:37:44,14.67,135.80
92,07/17/2023 06:37:44,16.94,3543.04
93,07/17/2023 07:37:44,20.12,5749.76
94,07/17/2023 08:37:44,21.36,13603.84
95,07/17/2023 09:37:44,29.26,31569.92
96,07/17/2023 10:37:44,34.66,43233.28
97,07/17/2023 11:37:44,35.00,40611.84
98,07/17/2023 12:37:44,37.02,50012.16
99,07/17/2023 13:37:44,38.09,37621.76
100,07/17/2023 14:37:44,40.41,30504.96
101,07/17/2023 15:37:44,40.28,38266.88
102,07/17/2023 16:37:44,38.61,31641.60
103,07/17/2023 17:37:44,35.22,23398.40
104,07/17/2023 18:37:44,28.27,7106.56
105,07/17/2023 19:37:44,22.73,2426.88
106,07/17/2023 20:37:44,20.85,193.28
107,07/17/2023 21:37:44,20.25,10.56
108,07/17/2023 22:37:44,20.80,10.77
109,07/17/2023 23:37:44,20.59,9.29
110,07/18/2023 00:37:44,20.03,9.29
111,07/18/2023 01:37:44,19.69,8.45
112,07/18/2023 02:37:44,17.97,6.97
113,07/18/2023 03:37:44,17.67,5.68
114,07/18/2023 04:37:44,16.90,0.42
115,07/18/2023 05:37:44,15.78,156.32
116,07/18/2023 06:37:44,17.89,2926.08
117,07/18/2023 07:37:44,21.45,9871.36
118,07/18/2023 08:37:44,29.60,23613.44
119,07/18/2023 09:37:44,27.20,18478.08
120,07/18/2023 10:37:44,37.28,29491.20
121,07/18/2023 11:37:44,33.80,34355.20
122,07/18/2023 12:37:44,32.26,23275.52
123,07/18/2023 13:37:44,39.77,44134.40
124,07/18/2023 14:37:44,41.40,55787.52
125,07/18/2023 15:37:44,32.39,8770.56
126,07/18/2023 16:37:44,22.43,11156.48
127,07/18/2023 17:37:44,19.47,4116.48
128,07/18/2023 18:37:44,26.17,23695.36
129,07/18/2023 19:37:44,22.09,6791.68
130,07/18/2023 20:37:44,19.39,255.36
131,07/18/2023 21:37:44,18.49,11.40
132,07/18/2023 22:37:44,17.16,10.98
133,07/18/2023 23:37:44,15.36,9.93
134,07/19/2023 00:37:44,17.03,9.71
135,07/19/2023 01:37:44,13.51,8.00
136,07/19/2023 02:37:44,13.12,8.00
137,07/19/2023 03:37:44,13.73,6.74
138,07/19/2023 04:37:44,12.61,4.42
139,07/19/2023 05:37:44,14.80,116.20
140,07/19/2023 06:37:44,15.53,4327.68
141,07/19/2023 07:37:44,19.22,9863.68
142,07/19/2023 08:37:44,23.38,31385.60
143,07/19/2023 09:37:44,32.00,43458.56
144,07/19/2023 10:37:44,37.79,53207.04
145,07/19/2023 11:37:44,30.84,16368.64
146,07/19/2023 12:37:44,42.94,72765.44
147,07/19/2023 13:37:44,36.89,23040.00
148,07/19/2023 14:37:44,36.16,37242.88
149,07/19/2023 15:37:44,37.71,20884.48
150,07/19/2023 16:37:44,37.54,47083.52
151,07/19/2023 17:37:44,33.63,13480.96
152,07/19/2023 18:37:44,32.94,22067.20
153,07/19/2023 19:37:44,27.07,7132.16
154,07/19/2023 20:37:44,17.63,377.60
155,07/19/2023 21:37:44,15.36,10.56
156,07/19/2023 22:37:44,13.04,10.98
157,07/19/2023 23:37:44,11.49,9.93
158,07/20/2023 00:37:44,10.64,8.66
159,07/20/2023 01:37:44,11.71,8.45
160,07/20/2023 02:37:44,11.62,6.95
161,07/20/2023 03:37:44,11.92,6.32
162,07/20/2023 04:37:44,12.44,5.26
163,07/20/2023 05:37:44,10.89,135.68
164,07/20/2023 06:37:44,14.58,6100.48
165,07/20/2023 07:37:44,18.92,15544.32
166,07/20/2023 08:37:44,30.41,41912.32
167,07/20/2023 09:37:44,36.08,28364.80
168,07/20/2023 10:37:44,41.57,55787.52
169,07/20/2023 11:37:44,38.44,63344.64
170,07/20/2023 12:37:44,44.96,71270.40
171,07/20/2023 13:37:44,41.35,24442.88
172,07/20/2023 14:37:44,39.17,70041.60
173,07/20/2023 15:37:44,42.08,36392.96
174,07/20/2023 16:37:44,33.93,17551.36
175,07/20/2023 17:37:44,37.66,22528.00
176,07/20/2023 18:37:44,34.83,18918.40
177,07/20/2023 19:37:44,24.71,4382.72
178,07/20/2023 20:37:44,21.19,123.76
179,07/20/2023 21:37:44,20.76,10.35
180,07/20/2023 22:37:44,22.31,11.19
181,07/20/2023 23:37:44,16.73,9.69
182,07/21/2023 00:37:44,16.21,8.85
183,07/21/2023 01:37:44,15.78,6.34
184,07/21/2023 02:37:44,15.74,7.37
185,07/21/2023 03:37:44,15.66,6.11
186,07/21/2023 04:37:44,15.91,4.00
187,07/21/2023 05:37:44,15.44,36.45
188,07/21/2023 06:37:44,16.77,1252.48
189,07/21/2023 07:37:44,19.05,9884.16
190,07/21/2023 08:37:44,22.22,19148.80
191,07/21/2023 09:37:44,28.10,38379.52
192,07/21/2023 10:37:44,24.54,19558.40
193,07/21/2023 11:37:44,31.83,32389.12
194,07/21/2023 12:37:44,38.56,52510.72
195,07/21/2023 13:37:44,20.89,6584.32
196,07/21/2023 14:37:44,35.69,66007.04
197,07/21/2023 15:37:44,34.27,42106.88
198,07/21/2023 16:37:44,26.64,40263.68
199,07/21/2023 17:37:44,27.80,18662.40
200,07/21/2023 18:37:44,25.48,19266.56
201,07/21/2023 19:37:44,20.93,3185.92
202,07/21/2023 20:37:44,19.22,185.68
203,07/21/2023 21:37:44,16.90,12.24
204,07/21/2023 22:37:44,15.10,9.93
205,07/21/2023 23:37:44,15.96,8.85
206,07/22/2023 00:37:44,14.93,8.63
207,07/22/2023 01:37:44,15.10,7.79
208,07/22/2023 02:37:44,13.17,6.74
209,07/22/2023 03:37:44,11.45,5.90
210,07/22/2023 04:37:44,9.78,2.10
211,07/22/2023 05:37:44,10.42,84.88
212,07/22/2023 06:37:44,13.51,4669.44
213,07/22/2023 07:37:44,20.63,16624.64
214,07/22/2023 08:37:44,28.01,42127.36
215,07/22/2023 09:37:44,33.63,28149.76
216,07/22/2023 10:37:44,34.88,50503.68
217,07/22/2023 11:37:44,35.43,63733.76
218,07/22/2023 12:37:44,41.57,76759.04
219,07/22/2023 13:37:44,36.12,21176.32
220,07/22/2023 14:37:44,41.01,72335.36
221,07/22/2023 15:37:44,36.68,43335.68
222,07/22/2023 16:37:44,36.59,50012.16
223,07/22/2023 17:37:44,36.85,42987.52
224,07/22/2023 18:37:44,33.93,23224.32
225,07/22/2023 19:37:44,26.60,6318.08
226,07/22/2023 20:37:44,15.44,282.56
227,07/22/2023 21:37:44,14.88,10.35
228,07/22/2023 22:37:44,12.14,9.71
229,07/22/2023 23:37:44,10.98,9.29
230,07/23/2023 00:37:44,11.49,8.87
231,07/23/2023 01:37:44,11.15,8.24
232,07/23/2023 02:37:44,11.28,6.53
233,07/23/2023 03:37:44,11.62,6.53
234,07/23/2023 04:37:44,11.97,4.21
235,07/23/2023 05:37:44,10.89,87.44
236,07/23/2023 06:37:44,14.84,4756.48
237,07/23/2023 07:37:44,19.69,16496.64
238,07/23/2023 08:37:44,25.09,20392.96
239,07/23/2023 09:37:44,36.68,30760.96
240,07/23/2023 10:37:44,41.91,55255.04
241,07/23/2023 11:37:44,40.58,64839.68
242,07/23/2023 12:37:44,44.48,70656.00
243,07/23/2023 13:37:44,42.08,20321.28
244,07/23/2023 14:37:44,42.94,63610.88
245,07/23/2023 15:37:44,43.16,38389.76
246,07/23/2023 16:37:44,42.25,45527.04
247,07/23/2023 17:37:44,40.58,36812.80
248,07/23/2023 18:37:44,36.72,21227.52
249,07/23/2023 19:37:44,26.90,5427.20
250,07/23/2023 20:37:44,17.89,216.96
251,07/23/2023 21:37:44,15.40,10.14
252,07/23/2023 22:37:44,14.71,10.56
253,07/23/2023 23:37:44,15.14,9.29
254,07/24/2023 00:37:44,16.30,8.85
255,07/24/2023 01:37:44,15.53,8.21
256,07/24/2023 02:37:44,13.47,7.37
257,07/24/2023 03:37:44,14.15,6.74
258,07/24/2023 04:37:44,14.37,3.58
259,07/24/2023 05:37:44,13.94,69.10
260,07/24/2023 06:37:44,16.69,4648.96
261,07/24/2023 07:37:44,17.76,5696.00
262,07/24/2023 08:37:44,18.87,9546.24
263,07/24/2023 09:37:44,33.89,29552.64
264,07/24/2023 10:37:44,34.75,27678.72
265,07/24/2023 11:37:44,40.92,31979.52
266,07/24/2023 12:37:44,46.93,73297.92
267,07/24/2023 13:37:44,35.78,11822.08
268,07/24/2023 14:37:44,43.80,70574.08
269,07/24/2023 15:37:44,23.59,20305.92
270,07/24/2023 16:37:44,33.03,37120.00
271,07/24/2023 17:37:44,20.33,759.68
272,07/24/2023 18:37:44,19.52,2647.04
273,07/24/2023 19:37:44,18.57,2343.04
274,07/24/2023 20:37:44,17.80,152.64
275,07/24/2023 21:37:44,14.58,10.14
276,07/24/2023 22:37:44,14.50,8.87
277,07/24/2023 23:37:44,13.38,8.42
278,07/25/2023 00:37:44,14.15,8.42
279,07/25/2023 01:37:44,14.37,7.58
280,07/25/2023 02:37:44,13.30,6.74
281,07/25/2023 03:37:44,13.38,6.53
282,07/25/2023 04:37:44,13.64,5.05
283,07/25/2023 05:37:44,12.91,62.84
284,07/25/2023 06:37:44,15.70,4170.24
285,07/25/2023 07:37:44,20.85,16261.12
286,07/25/2023 08:37:44,22.95,18263.04
287,07/25/2023 09:37:44,29.34,31498.24
288,07/25/2023 10:37:44,29.00,12851.20
289,07/25/2023 11:37:44,32.04,24494.08
290,07/25/2023 12:37:44,32.22,25190.40
291,07/25/2023 13:37:44,36.59,36014.08
292,07/25/2023 14:37:44,37.92,51322.88
293,07/25/2023 15:37:44,35.13,20515.84
294,07/25/2023 16:37:44,41.40,36352.00
295,07/25/2023 17:37:44,38.69,34314.24
296,07/25/2023 18:37:44,31.66,8952.32
297,07/25/2023 19:37:44,21.70,3479.04
298,07/25/2023 20:37:44,18.96,210.88
299,07/25/2023 21:37:44,16.94,10.14
300,07/25/2023 22:37:44,15.48,8.87
301,07/25/2023 23:37:44,15.01,9.29
302,07/26/2023 00:37:44,14.20,8.42
303,07/26/2023 01:37:44,14.11,7.79
304,07/26/2023 02:37:44,13.12,6.95
305,07/26/2023 03:37:44,14.07,7.16
306,07/26/2023 04:37:44,13.85,4.42
307,07/26/2023 05:37:44,13.60,56.20
308,07/26/2023 06:37:44,16.17,4888.32
309,07/26/2023 07:37:44,23.12,17935.36
310,07/26/2023 08:37:44,30.37,35020.80
311,07/26/2023 09:37:44,38.78,30556.16
312,07/26/2023 10:37:44,41.31,52183.04
313,07/26/2023 11:37:44,42.60,57753.60
314,07/26/2023 12:37:44,47.62,63344.64
315,07/26/2023 13:37:44,47.83,59965.44
316,07/26/2023 14:37:44,45.73,59596.80
317,07/26/2023 15:37:44,46.29,43315.20
318,07/26/2023 16:37:44,43.46,40611.84
319,07/26/2023 17:37:44,42.51,35717.12
320,07/26/2023 18:37:44,32.26,13235.20
321,07/26/2023 19:37:44,24.62,3856.64
322,07/26/2023 20:37:44,22.01,92.36
323,07/26/2023 21:37:44,21.49,10.98
324,07/26/2023 22:37:44,22.22,9.93
325,07/26/2023 23:37:44,22.52,8.87
326,07/27/2023 00:37:44,21.96,8.24
327,07/27/2023 01:37:44,20.50,8.24
328,07/27/2023 02:37:44,20.33,6.32
329,07/27/2023 03:37:44,20.33,5.05
330,07/27/2023 04:37:44,20.37,0.63
331,07/27/2023 05:37:44,20.59,6.13
332,07/27/2023 06:37:44,19.99,430.56
333,07/27/2023 07:37:44,21.53,4160.00
334,07/27/2023 08:37:44,29.56,50237.44
335,07/27/2023 09:37:44,23.55,5780.48
336,07/27/2023 10:37:44,29.21,21544.96
337,07/27/2023 11:37:44,33.12,30740.48
338,07/27/2023 12:37:44,37.58,20387.84
339,07/27/2023 13:37:44,41.65,24156.16
340,07/27/2023 14:37:44,25.01,22200.32
341,07/27/2023 15:37:44,30.84,34181.12
342,07/27/2023 16:37:44,22.01,5729.28
343,07/27/2023 17:37:44,30.33,46837.76
344,07/27/2023 18:37:44,32.04,26941.44
345,07/27/2023 19:37:44,23.64,1622.40
346,07/27/2023 20:37:44,22.52,36.45
347,07/27/2023 21:37:44,22.01,10.77
348,07/27/2023 22:37:44,21.75,10.98
349,07/27/2023 23:37:44,20.68,10.56
350,07/28/2023 00:37:44,18.66,8.87
351,07/28/2023 01:37:44,17.16,7.40
352,07/28/2023 02:37:44,18.40,6.11
353,07/28/2023 03:37:44,16.08,3.16
354,07/28/2023 04:37:44,15.36,0.00
355,07/28/2023 05:37:44,17.16,28.86
356,07/28/2023 06:37:44,20.07,3042.56
357,07/28/2023 07:37:44,26.68,22487.04
358,07/28/2023 08:37:44,30.41,24135.68
359,07/28/2023 09:37:44,38.74,29153.28
360,07/28/2023 10:37:44,42.98,56688.64
361,07/28/2023 11:37:44,44.66,65208.32
362,07/28/2023 12:37:44,45.94,65945.60
363,07/28/2023 13:37:44,47.70,61460.48
364,07/28/2023 14:37:44,47.49,60784.64
365,07/28/2023 15:37:44,44.87,36945.92
366,07/28/2023 16:37:44,43.28,35409.92
367,07/28/2023 17:37:44,38.44,30679.04
368,07/28/2023 18:37:44,31.79,10078.72
369,07/28/2023 19:37:44,26.81,3829.76
370,07/28/2023 20:37:44,21.79,68.68
371,07/28/2023 21:37:44,21.70,10.98
372,07/28/2023 22:37:44,21.53,9.50
373,07/28/2023 23:37:44,21.83,9.71
374,07/29/2023 00:37:44,20.98,9.71
375,07/29/2023 01:37:44,20.76,8.45
376,07/29/2023 02:37:44,20.50,7.37
377,07/29/2023 03:37:44,20.33,3.79
378,07/29/2023 04:37:44,19.05,0.00
379,07/29/2023 05:37:44,19.05,37.71
380,07/29/2023 06:37:44,21.02,1549.44
381,07/29/2023 07:37:44,26.55,11637.76
382,07/29/2023 08:37:44,34.02,25538.56
383,07/29/2023 09:37:44,36.29,24729.60
384,07/29/2023 10:37:44,41.27,61009.92
385,07/29/2023 11:37:44,36.59,21391.36
386,07/29/2023 12:37:44,32.43,16906.24
387,07/29/2023 13:37:44,34.36,19153.92
388,07/29/2023 14:37:44,22.18,4904.96
389,07/29/2023 15:37:44,23.38,9809.92
390,07/29/2023 16:37:44,20.25,3329.28
391,07/29/2023 17:37:44,19.43,10787.84
392,07/29/2023 18:37:44,20.16,6312.96
393,07/29/2023 19:37:44,17.59,1425.28
394,07/29/2023 20:37:44,16.69,44.50
395,07/29/2023 21:37:44,15.74,9.48
396,07/29/2023 22:37:44,15.01,9.06
397,07/29/2023 23:37:44,14.07,8.42
398,07/30/2023 00:37:44,12.35,8.21
399,07/30/2023 01:37:44,11.07,6.53
400,07/30/2023 02:37:44,12.40,6.11
401,07/30/2023 03:37:44,11.75,4.84
402,07/30/2023 04:37:44,13.98,0.84
403,07/30/2023 05:37:44,14.45,5.47
404,07/30/2023 06:37:44,14.50,1125.12
405,07/30/2023 07:37:44,17.03,10132.48
406,07/30/2023 08:37:44,25.78,44052.48
407,07/30/2023 09:37:44,30.63,41891.84
408,07/30/2023 10:37:44,28.61,25722.88
409,07/30/2023 11:37:44,25.87,69304.32
410,07/30/2023 12:37:44,40.32,72949.76
411,07/30/2023 13:37:44,34.45,21790.72
412,07/30/2023 14:37:44,40.11,62812.16
413,07/30/2023 15:37:44,38.31,53739.52
414,07/30/2023 16:37:44,37.02,34170.88
415,07/30/2023 17:37:44,33.85,36311.04
416,07/30/2023 18:37:44,31.53,21381.12
417,07/30/2023 19:37:44,19.73,3974.40
418,07/30/2023 20:37:44,11.97,116.08
419,07/30/2023 21:37:44,12.87,9.71
420,07/30/2023 22:37:44,12.18,8.87
421,07/30/2023 23:37:44,11.41,8.45
422,07/31/2023 00:37:44,10.25,7.40
423,07/31/2023 01:37:44,11.45,7.61
424,07/31/2023 02:37:44,11.41,6.32
425,07/31/2023 03:37:44,10.98,6.11
426,07/31/2023 04:37:44,10.98,3.37
427,07/31/2023 05:37:44,9.35,26.89
428,07/31/2023 06:37:44,10.64,3893.76
429,07/31/2023 07:37:44,20.80,20561.92
430,07/31/2023 08:37:44,25.87,35123.20
431,07/31/2023 09:37:44,30.97,31201.28
432,07/31/2023 10:37:44,35.43,53002.24
433,07/31/2023 11:37:44,37.19,59822.08
434,07/31/2023 12:37:44,37.23,66600.96
435,07/31/2023 13:37:44,22.26,17617.92
436,07/31/2023 14:37:44,20.46,20981.76
437,07/31/2023 15:37:44,24.79,28303.36
438,07/31/2023 16:37:44,28.18,27975.68
439,07/31/2023 17:37:44,24.84,13050.88
440,07/31/2023 18:37:44,25.57,21708.80
441,07/31/2023 19:37:44,18.10,4540.16
442,07/31/2023 20:37:44,12.61,109.40
443,07/31/2023 21:37:44,10.94,9.29
444,07/31/2023 22:37:44,8.32,8.87
445,07/31/2023 23:37:44,8.02,7.61
446,08/01/2023 00:37:44,8.71,7.82
447,08/01/2023 01:37:44,10.16,6.74
448,08/01/2023 02:37:44,11.15,5.90
449,08/01/2023 03:37:44,10.55,5.26
450,08/01/2023 04:37:44,8.23,3.16
451,08/01/2023 05:37:44,8.02,21.59
452,08/01/2023 06:37:44,9.09,3859.20
453,08/01/2023 07:37:44,19.99,24821.76
454,08/01/2023 08:37:44,26.04,38615.04
455,08/01/2023 09:37:44,30.07,24832.00
456,08/01/2023 10:37:44,33.12,58593.28
457,08/01/2023 11:37:44,30.03,37324.80
458,08/01/2023 12:37:44,36.85,90972.16
459,08/01/2023 13:37:44,34.96,16522.24
460,08/01/2023 14:37:44,27.67,16389.12
461,08/01/2023 15:37:44,29.94,58306.56
462,08/01/2023 16:37:44,31.44,8803.84
463,08/01/2023 17:37:44,31.57,36136.96
464,08/01/2023 18:37:44,28.57,20981.76
465,08/01/2023 19:37:44,19.73,3840.00
466,08/01/2023 20:37:44,10.29,80.58
467,08/01/2023 21:37:44,9.05,12.03
468,08/01/2023 22:37:44,7.42,11.40
469,08/01/2023 23:37:44,7.12,9.71
470,08/02/2023 00:37:44,7.38,8.24
471,08/02/2023 01:37:44,8.15,7.40
472,08/02/2023 02:37:44,7.93,6.11
473,08/02/2023 03:37:44,6.35,5.05
474,08/02/2023 04:37:44,6.86,2.31
475,08/02/2023 05:37:44,6.26,16.93
476,08/02/2023 06:37:44,8.36,3694.08
477,08/02/2023 07:37:44,16.47,19732.48
478,08/02/2023 08:37:44,25.09,40642.56
479,08/02/2023 09:37:44,31.70,25036.80
480,08/02/2023 10:37:44,37.84,53514.24
481,08/02/2023 11:37:44,39.42,61808.64
482,08/02/2023 12:37:44,46.20,80936.96
483,08/02/2023 13:37:44,36.33,64634.88
484,08/02/2023 14:37:44,42.04,62382.08
485,08/02/2023 15:37:44,41.52,48107.52
486,08/02/2023 16:37:44,38.74,29429.76
487,08/02/2023 17:37:44,35.78,29726.72
488,08/02/2023 18:37:44,24.32,7127.04
489,08/02/2023 19:37:44,18.36,2240.00
490,08/02/2023 20:37:44,14.07,44.26
491,08/02/2023 21:37:44,12.40,9.50
492,08/02/2023 22:37:44,12.10,9.29
493,08/02/2023 23:37:44,13.00,9.29
494,08/03/2023 00:37:44,12.14,8.87
495,08/03/2023 01:37:44,12.14,8.03
496,08/03/2023 02:37:44,12.70,7.16
497,08/03/2023 03:37:44,11.02,6.11
498,08/03/2023 04:37:44,11.45,2.10
499,08/03/2023 05:37:44,11.45,9.53
500,08/03/2023 06:37:44,14.37,3089.92
501,08/03/2023 07:37:44,17.97,6929.92
502,08/03/2023 08:37:44,28.05,29655.04
503,08/03/2023 09:37:44,28.14,24698.88
504,08/03/2023 10:37:44,34.83,46428.16
505,08/03/2023 11:37:44,44.66,64245.76
506,08/03/2023 12:37:44,48.13,70492.16
507,08/03/2023 13:37:44,41.61,43397.12
508,08/03/2023 14:37:44,38.82,33044.48
509,08/03/2023 15:37:44,37.58,25405.44
510,08/03/2023 16:37:44,41.87,30781.44
511,08/03/2023 17:37:44,37.92,30873.60
512,08/03/2023 18:37:44,32.64,16501.76
513,08/03/2023 19:37:44,24.19,4405.76
514,08/03/2023 20:37:44,19.26,43.18
515,08/03/2023 21:37:44,18.23,8.87
516,08/03/2023 22:37:44,17.33,8.45
517,08/03/2023 23:37:44,17.80,6.97
518,08/04/2023 00:37:44,19.47,7.19
519,08/04/2023 01:37:44,19.09,6.97
520,08/04/2023 02:37:44,19.60,7.37
521,08/04/2023 03:37:44,18.92,5.26
522,08/04/2023 04:37:44,18.10,3.16
523,08/04/2023 05:37:44,16.51,9.32
524,08/04/2023 06:37:44,17.20,4017.92
525,08/04/2023 07:37:44,19.77,3701.76
526,08/04/2023 08:37:44,22.65,6351.36
527,08/04/2023 09:37:44,21.92,4581.12
528,08/04/2023 10:37:44,29.86,18984.96
529,08/04/2023 11:37:44,39.21,31047.68
530,08/04/2023 12:37:44,45.39,66375.68
531,08/04/2023 13:37:44,38.78,65556.48
532,08/04/2023 14:37:44,43.07,59084.80
533,08/04/2023 15:37:44,42.08,46632.96
534,08/04/2023 16:37:44,38.31,27043.84
535,08/04/2023 17:37:44,28.78,31201.28
536,08/04/2023 18:37:44,26.94,11095.04
537,08/04/2023 19:37:44,22.01,3768.32
538,08/04/2023 20:37:44,15.87,43.90
539,08/04/2023 21:37:44,14.45,8.66
540,08/04/2023 22:37:44,14.50,9.08
541,08/04/2023 23:37:44,13.34,8.24
542,08/05/2023 00:37:44,13.94,8.00
543,08/05/2023 01:37:44,12.65,6.74
544,08/05/2023 02:37:44,12.61,6.32
545,08/05/2023 03:37:44,15.78,5.05
546,08/05/2023 04:37:44,17.29,4.42
547,08/05/2023 05:37:44,17.20,7.61
548,08/05/2023 06:37:44,17.29,2394.88
549,08/05/2023 07:37:44,19.86,6845.44
550,08/05/2023 08:37:44,22.05,12764.16
551,08/05/2023 09:37:44,28.48,17807.36
552,08/05/2023 10:37:44,36.98,45568.00
553,08/05/2023 11:37:44,38.18,40048.64
554,08/05/2023 12:37:44,36.68,47656.96
555,08/05/2023 13:37:44,35.30,44728.32
556,08/05/2023 14:37:44,37.71,46960.64
557,08/05/2023 15:37:44,33.72,28395.52
558,08/05/2023 16:37:44,29.47,23869.44
559,08/05/2023 17:37:44,26.72,16071.68
560,08/05/2023 18:37:44,23.21,8972.80
561,08/05/2023 19:37:44,20.72,5345.28
562,08/05/2023 20:37:44,13.60,36.45
563,08/05/2023 21:37:44,12.78,9.93
564,08/05/2023 22:37:44,9.82,7.61
565,08/05/2023 23:37:44,9.01,8.45
566,08/06/2023 00:37:44,8.79,7.19
567,08/06/2023 01:37:44,10.34,7.82
568,08/06/2023 02:37:44,10.29,6.53
569,08/06/2023 03:37:44,8.41,6.11
570,08/06/2023 04:37:44,7.12,4.21
571,08/06/2023 05:37:44,8.92,8.27
572,08/06/2023 06:37:44,9.39,3239.68
573,08/06/2023 07:37:44,16.47,20971.52
574,08/06/2023 08:37:44,25.61,35706.88
575,08/06/2023 09:37:44,33.63,29112.32
576,08/06/2023 10:37:44,39.68,53862.40
577,08/06/2023 11:37:44,47.19,73728.00
578,08/06/2023 12:37:44,45.39,65884.16
579,08/06/2023 13:37:44,45.90,63098.88
580,08/06/2023 14:37:44,47.06,68218.88
581,08/06/2023 15:37:44,42.47,28272.64
582,08/06/2023 16:37:44,38.52,24852.48
583,08/06/2023 17:37:44,38.22,31703.04
584,08/06/2023 18:37:44,28.61,11289.60
585,08/06/2023 19:37:44,22.65,2814.72
586,08/06/2023 20:37:44,20.37,13.77
587,08/06/2023 21:37:44,20.59,8.03
588,08/06/2023 22:37:44,20.68,8.66
589,08/06/2023 23:37:44,20.42,7.58
590,08/07/2023 00:37:44,19.56,6.55
591,08/07/2023 01:37:44,19.73,7.58
592,08/07/2023 02:37:44,19.73,6.95
593,08/07/2023 03:37:44,19.95,4.21
594,08/07/2023 04:37:44,20.20,0.00
595,08/07/2023 05:37:44,20.20,0.63
596,08/07/2023 06:37:44,20.03,1745.92
597,08/07/2023 07:37:44,24.58,8501.76
598,08/07/2023 08:37:44,29.21,40120.32
599,08/07/2023 09:37:44,31.23,17797.12
600,08/07/2023 10:37:44,33.89,36362.24
601,08/07/2023 11:37:44,32.73,17536.00
602,08/07/2023 12:37:44,39.17,21964.80
603,08/07/2023 13:37:44,46.42,75530.24
604,08/07/2023 14:37:44,36.46,24975.36
605,08/07/2023 15:37:44,26.60,24442.88
606,08/07/2023 16:37:44,23.59,4486.40
607,08/07/2023 17:37:44,30.20,31825.92
608,08/07/2023 18:37:44,25.14,7936.00
609,08/07/2023 19:37:44,21.83,1702.40
610,08/07/2023 20:37:44,20.93,17.75
611,08/07/2023 21:37:44,20.29,10.14
612,08/07/2023 22:37:44,20.16,8.45
613,08/07/2023 23:37:44,19.60,7.82
614,08/08/2023 00:37:44,19.26,7.19
615,08/08/2023 01:37:44,19.73,6.95
616,08/08/2023 02:37:44,19.73,6.74
617,08/08/2023 03:37:44,19.52,6.11
618,08/08/2023 04:37:44,19.39,1.89
619,08/08/2023 05:37:44,18.19,0.84
620,08/08/2023 06:37:44,18.23,1174.08
621,08/08/2023 07:37:44,20.80,10429.44
622,08/08/2023 08:37:44,19.56,6080.00
623,08/08/2023 09:37:44,19.65,5834.24
624,08/08/2023 10:37:44,23.08,25210.88
625,08/08/2023 11:37:44,21.06,24391.68
626,08/08/2023 12:37:44,20.50,13260.80
627,08/08/2023 13:37:44,19.30,6673.92
628,08/08/2023 14:37:44,18.74,6172.16
629,08/08/2023 15:37:44,18.40,7436.80
630,08/08/2023 16:37:44,18.32,5103.36
631,08/08/2023 17:37:44,17.54,1744.64
632,08/08/2023 18:37:44,17.37,2725.12
633,08/08/2023 19:37:44,17.03,726.40
634,08/08/2023 20:37:44,16.56,19.01
635,08/08/2023 21:37:44,16.64,7.40
636,08/08/2023 22:37:44,16.73,6.11
637,08/08/2023 23:37:44,16.69,4.84
638,08/09/2023 00:37:44,16.47,0.21
639,08/09/2023 01:37:44,16.26,0.00
640,08/09/2023 02:37:44,16.26,0.00
641,08/09/2023 03:37:44,15.61,0.00
642,08/09/2023 04:37:44,13.68,0.00
643,08/09/2023 05:37:44,11.67,4.00
644,08/09/2023 06:37:44,11.49,3096.32
645,08/09/2023 07:37:44,19.56,21565.44
646,08/09/2023 08:37:44,24.36,29829.12
647,08/09/2023 09:37:44,29.34,30914.56
648,08/09/2023 10:37:44,33.46,52674.56
649,08/09/2023 11:37:44,35.65,9984.00
650,08/09/2023 12:37:44,42.55,66662.40
651,08/09/2023 13:37:44,43.11,64552.96
652,08/09/2023 14:37:44,32.34,9459.20
653,08/09/2023 15:37:44,33.63,60846.08
654,08/09/2023 16:37:44,36.12,22640.64
655,08/09/2023 17:37:44,35.86,30556.16
656,08/09/2023 18:37:44,31.53,15692.80
657,08/09/2023 19:37:44,21.28,2526.72
658,08/09/2023 20:37:44,15.74,20.93
659,08/09/2023 21:37:44,15.06,10.14
660,08/09/2023 22:37:44,14.37,8.87
661,08/09/2023 23:37:44,13.43,8.45
662,08/10/2023 00:37:44,13.77,7.58
663,08/10/2023 01:37:44,13.51,8.42
664,08/10/2023 02:37:44,13.98,6.53
665,08/10/2023 03:37:44,14.58,5.05
666,08/10/2023 04:37:44,15.44,0.21
667,08/10/2023 05:37:44,16.04,0.63
668,08/10/2023 06:37:44,16.51,832.96
669,08/10/2023 07:37:44,18.40,4712.96
670,08/10/2023 08:37:44,18.32,3417.60
671,08/10/2023 09:37:44,19.60,4975.36
672,08/10/2023 10:37:44,23.72,14433.28
673,08/10/2023 11:37:44,23.38,12513.28
674,08/10/2023 12:37:44,25.05,18836.48
675,08/10/2023 13:37:44,25.09,17582.08
676,08/10/2023 14:37:44,21.75,8716.80
677,08/10/2023 15:37:44,28.10,38440.96
678,08/10/2023 16:37:44,23.08,13107.20
679,08/10/2023 17:37:44,23.72,7887.36
680,08/10/2023 18:37:44,26.12,17838.08
681,08/10/2023 19:37:44,19.90,4409.60
682,08/10/2023 20:37:44,14.80,9.95
683,08/10/2023 21:37:44,13.64,9.93
684,08/10/2023 22:37:44,14.50,8.85
685,08/10/2023 23:37:44,12.01,7.58
686,08/11/2023 00:37:44,11.11,5.90
687,08/11/2023 01:37:44,10.34,4.00
688,08/11/2023 02:37:44,10.12,0.42
689,08/11/2023 03:37:44,12.57,0.00
690,08/11/2023 04:37:44,12.78,0.00
691,08/11/2023 05:37:44,15.70,0.00
692,08/11/2023 06:37:44,16.21,1875.84
693,08/11/2023 07:37:44,21.58,22538.24
694,08/11/2023 08:37:44,22.73,19194.88
695,08/11/2023 09:37:44,24.32,40929.28
696,08/11/2023 10:37:44,27.84,24637.44
697,08/11/2023 11:37:44,34.40,63528.96
698,08/11/2023 12:37:44,38.78,67563.52
699,08/11/2023 13:37:44,37.84,65638.40
700,08/11/2023 14:37:44,37.66,59740.16
701,08/11/2023 15:37:44,37.75,54292.48
702,08/11/2023 16:37:44,34.88,17320.96
703,08/11/2023 17:37:44,33.67,33423.36
704,08/11/2023 18:37:44,27.80,14914.56
705,08/11/2023 19:37:44,19.39,3281.92
706,08/11/2023 20:37:44,13.55,18.62
707,08/11/2023 21:37:44,11.84,10.56
708,08/11/2023 22:37:44,11.58,10.14
709,08/11/2023 23:37:44,14.37,10.77
710,08/12/2023 00:37:44,13.43,7.79
711,08/12/2023 01:37:44,13.47,7.16
712,08/12/2023 02:37:44,13.34,5.47
713,08/12/2023 03:37:44,13.17,2.73
714,08/12/2023 04:37:44,13.47,0.00
715,08/12/2023 05:37:44,14.03,0.84
716,08/12/2023 06:37:44,15.14,2471.04
717,08/12/2023 07:37:44,17.29,5452.80
718,08/12/2023 08:37:44,28.27,38830.08
719,08/12/2023 09:37:44,26.47,13624.32
720,08/12/2023 10:37:44,30.67,38174.72
721,08/12/2023 11:37:44,22.39,16640.00
722,08/12/2023 12:37:44,34.10,44974.08
723,08/12/2023 13:37:44,32.82,23715.84
724,08/12/2023 14:37:44,34.15,22661.12
725,08/12/2023 15:37:44,28.05,36126.72
726,08/12/2023 16:37:44,31.92,18821.12
727,08/12/2023 17:37:44,33.72,32778.24
728,08/12/2023 18:37:44,23.76,4952.32
729,08/12/2023 19:37:44,19.82,724.16
730,08/12/2023 20:37:44,19.00,13.74
731,08/12/2023 21:37:44,18.36,10.35
732,08/12/2023 22:37:44,15.78,9.50
733,08/12/2023 23:37:44,16.64,8.21
734,08/13/2023 00:37:44,16.56,6.55
735,08/13/2023 01:37:44,17.89,6.11
736,08/13/2023 02:37:44,18.06,5.26
737,08/13/2023 03:37:44,18.27,4.21
738,08/13/2023 04:37:44,18.14,0.84
739,08/13/2023 05:37:44,17.89,0.21
740,08/13/2023 06:37:44,18.62,1502.72
741,08/13/2023 07:37:44,20.12,2588.80
742,08/13/2023 08:37:44,30.46,41871.36
743,08/13/2023 09:37:44,32.82,19553.28
744,08/13/2023 10:37:44,24.02,12431.36
745,08/13/2023 11:37:44,36.93,69406.72
746,08/13/2023 12:37:44,41.35,66990.08
747,08/13/2023 13:37:44,40.75,68300.80
748,08/13/2023 14:37:44,34.92,73461.76
749,08/13/2023 15:37:44,32.90,21985.28
750,08/13/2023 16:37:44,32.94,27924.48
751,08/13/2023 17:37:44,27.41,23449.60
752,08/13/2023 18:37:44,29.60,18201.60
753,08/13/2023 19:37:44,20.63,2311.04
754,08/13/2023 20:37:44,16.17,14.38
755,08/13/2023 21:37:44,17.37,11.19
756,08/13/2023 22:37:44,15.74,9.93
757,08/13/2023 23:37:44,16.08,9.48
758,08/14/2023 00:37:44,15.06,8.85
759,08/14/2023 01:37:44,14.80,6.53
760,08/14/2023 02:37:44,14.97,5.68
761,08/14/2023 03:37:44,15.18,4.63
762,08/14/2023 04:37:44,14.97,0.84
763,08/14/2023 05:37:44,15.01,1.26
764,08/14/2023 06:37:44,14.80,1472.00
765,08/14/2023 07:37:44,21.88,19220.48
766,08/14/2023 08:37:44,22.86,10470.40
767,08/14/2023 09:37:44,32.69,23613.44
768,08/14/2023 10:37:44,34.27,22579.20
769,08/14/2023 11:37:44,35.73,42127.36
770,08/14/2023 12:37:44,38.91,39065.60
771,08/14/2023 13:37:44,40.54,40980.48
772,08/14/2023 14:37:44,39.72,45793.28
773,08/14/2023 15:37:44,36.42,33413.12
774,08/14/2023 16:37:44,26.85,12595.20
775,08/14/2023 17:37:44,24.58,8824.32
776,08/14/2023 18:37:44,21.66,3495.68
777,08/14/2023 19:37:44,19.35,689.60
778,08/14/2023 20:37:44,17.84,10.98
779,08/14/2023 21:37:44,18.36,9.08
780,08/14/2023 22:37:44,17.93,8.24
781,08/14/2023 23:37:44,17.97,7.61
782,08/15/2023 00:37:44,17.80,6.32
783,08/15/2023 01:37:44,17.76,6.11
784,08/15/2023 02:37:44,17.59,5.90
785,08/15/2023 03:37:44,17.63,6.11
786,08/15/2023 04:37:44,17.54,0.84
787,08/15/2023 05:37:44,17.50,0.00
788,08/15/2023 06:37:44,17.63,613.12
789,08/15/2023 07:37:44,18.62,1243.20
790,08/15/2023 08:37:44,19.39,6504.96
791,08/15/2023 09:37:44,22.43,17536.00
792,08/15/2023 10:37:44,20.72,7697.92
793,08/15/2023 11:37:44,20.07,5857.28
794,08/15/2023 12:37:44,22.05,10557.44
795,08/15/2023 13:37:44,21.28,7073.28
796,08/15/2023 14:37:44,23.42,14940.16
797,08/15/2023 15:37:44,23.29,13322.24
798,08/15/2023 16:37:44,21.15,4473.60
799,08/15/2023 17:37:44,21.45,6448.64
800,08/15/2023 18:37:44,23.21,13870.08
801,08/15/2023 19:37:44,20.20,1840.64
802,08/15/2023 20:37:44,19.86,8.03
803,08/15/2023 21:37:44,18.74,6.53
804,08/15/2023 22:37:44,19.35,5.90
805,08/15/2023 23:37:44,19.30,4.42
806,08/16/2023 00:37:44,18.49,0.42
807,08/16/2023 01:37:44,15.31,0.00
808,08/16/2023 02:37:44,14.03,0.00
809,08/16/2023 03:37:44,14.58,0.00
810,08/16/2023 04:37:44,13.73,0.00
811,08/16/2023 05:37:44,14.58,0.42
812,08/16/2023 06:37:44,16.39,1982.08
813,08/16/2023 07:37:44,18.23,4240.64
814,08/16/2023 08:37:44,20.16,9451.52
815,08/16/2023 09:37:44,21.02,6973.44
816,08/16/2023 10:37:44,20.42,5488.64
817,08/16/2023 11:37:44,24.24,16732.16
818,08/16/2023 12:37:44,28.10,31488.00
819,08/16/2023 13:37:44,37.45,57569.28
820,08/16/2023 14:37:44,37.06,17510.40
821,08/16/2023 15:37:44,39.81,53432.32
822,08/16/2023 16:37:44,39.55,25815.04
823,08/16/2023 17:37:44,35.78,34467.84
824,08/16/2023 18:37:44,30.33,15820.80
825,08/16/2023 19:37:44,19.82,2454.40
826,08/16/2023 20:37:44,15.87,11.61
827,08/16/2023 21:37:44,14.07,10.35
828,08/16/2023 22:37:44,14.20,9.50
829,08/16/2023 23:37:44,14.28,8.21
830,08/17/2023 00:37:44,14.28,8.42
831,08/17/2023 01:37:44,14.97,6.95
832,08/17/2023 02:37:44,14.41,5.26
833,08/17/2023 03:37:44,16.04,4.42
834,08/17/2023 04:37:44,16.81,1.47
835,08/17/2023 05:37:44,16.69,0.00
836,08/17/2023 06:37:44,17.24,820.80
837,08/17/2023 07:37:44,19.13,3751.68
838,08/17/2023 08:37:44,22.26,12984.32
839,08/17/2023 09:37:44,27.71,22609.92
840,08/17/2023 10:37:44,40.75,48680.96
841,08/17/2023 11:37:44,37.19,34764.80
842,08/17/2023 12:37:44,37.15,36188.16
843,08/17/2023 13:37:44,42.08,43827.20
844,08/17/2023 14:37:44,39.34,35194.88
845,08/17/2023 15:37:44,36.55,22599.68
846,08/17/2023 16:37:44,40.02,22886.40
847,08/17/2023 17:37:44,31.23,13045.76
848,08/17/2023 18:37:44,26.25,5376.00
849,08/17/2023 19:37:44,22.48,2329.60
850,08/17/2023 20:37:44,21.79,11.40
851,08/17/2023 21:37:44,19.22,11.19
852,08/17/2023 22:37:44,18.49,9.08
853,08/17/2023 23:37:44,18.27,7.61
854,08/18/2023 00:37:44,17.97,6.97
855,08/18/2023 01:37:44,17.97,6.32
856,08/18/2023 02:37:44,18.10,5.90
857,08/18/2023 03:37:44,18.02,1.68
858,08/18/2023 04:37:44,16.51,0.00
859,08/18/2023 05:37:44,15.70,0.21
860,08/18/2023 06:37:44,13.85,1232.00
861,08/18/2023 07:37:44,16.00,2720.00
862,08/18/2023 08:37:44,23.76,12026.88
863,08/18/2023 09:37:44,26.72,28682.24
864,08/18/2023 10:37:44,29.94,60600.32
865,08/18/2023 11:37:44,33.33,23500.80
866,08/18/2023 12:37:44,26.81,14561.28
867,08/18/2023 13:37:44,28.40,29501.44
868,08/18/2023 14:37:44,21.58,16148.48
869,08/18/2023 15:37:44,21.23,8225.28
870,08/18/2023 16:37:44,17.80,4628.48
871,08/18/2023 17:37:44,19.22,12467.20
872,08/18/2023 18:37:44,16.73,1889.28
873,08/18/2023 19:37:44,15.70,221.44
874,08/18/2023 20:37:44,15.06,9.71
875,08/18/2023 21:37:44,15.01,8.85
876,08/18/2023 22:37:44,14.80,9.29
877,08/18/2023 23:37:44,14.71,8.00
878,08/19/2023 00:37:44,14.54,6.95
879,08/19/2023 01:37:44,14.41,5.90
880,08/19/2023 02:37:44,12.91,4.63
881,08/19/2023 03:37:44,13.04,1.26
882,08/19/2023 04:37:44,12.48,0.21
883,08/19/2023 05:37:44,11.15,0.42
884,08/19/2023 06:37:44,11.58,1133.44
885,08/19/2023 07:37:44,13.47,6676.48
886,08/19/2023 08:37:44,23.34,36515.84
887,08/19/2023 09:37:44,27.88,22149.12
888,08/19/2023 10:37:44,31.49,56217.60
889,08/19/2023 11:37:44,34.32,19522.56
890,08/19/2023 12:37:44,37.41,70942.72
891,08/19/2023 13:37:44,37.71,62914.56
892,08/19/2023 14:37:44,33.76,55910.40
893,08/19/2023 15:37:44,34.27,49274.88
894,08/19/2023 16:37:44,32.94,20321.28
895,08/19/2023 17:37:44,30.89,27279.36
896,08/19/2023 18:37:44,25.61,13393.92
897,08/19/2023 19:37:44,15.36,1507.84
898,08/19/2023 20:37:44,11.19,11.82
899,08/19/2023 21:37:44,10.77,11.82
900,08/19/2023 22:37:44,9.61,9.93
901,08/19/2023 23:37:44,9.14,9.08
902,08/20/2023 00:37:44,9.65,7.40
903,08/20/2023 01:37:44,9.26,6.53
904,08/20/2023 02:37:44,8.62,4.63
905,08/20/2023 03:37:44,8.41,0.84
906,08/20/2023 04:37:44,7.93,0.21
907,08/20/2023 05:37:44,8.88,0.42
908,08/20/2023 06:37:44,9.74,1155.52
909,08/20/2023 07:37:44,15.14,7772.16
910,08/20/2023 08:37:44,19.39,15703.04
911,08/20/2023 09:37:44,31.96,31272.96
912,08/20/2023 10:37:44,41.01,59432.96
913,08/20/2023 11:37:44,39.89,54517.76
914,08/20/2023 12:37:44,42.98,62627.84
915,08/20/2023 13:37:44,40.15,40437.76
916,08/20/2023 14:37:44,38.05,25681.92
917,08/20/2023 15:37:44,41.44,50360.32
918,08/20/2023 16:37:44,39.51,22026.24
919,08/20/2023 17:37:44,35.65,28385.28
920,08/20/2023 18:37:44,32.73,15728.64
921,08/20/2023 19:37:44,19.82,1620.48
922,08/20/2023 20:37:44,16.39,10.56
923,08/20/2023 21:37:44,17.46,10.56
924,08/20/2023 22:37:44,19.30,8.87
925,08/20/2023 23:37:44,17.76,8.03
926,08/21/2023 00:37:44,18.53,7.19
927,08/21/2023 01:37:44,19.30,6.74
928,08/21/2023 02:37:44,18.19,5.68
929,08/21/2023 03:37:44,19.52,3.16
930,08/21/2023 04:37:44,19.60,0.63
931,08/21/2023 05:37:44,19.65,0.63
932,08/21/2023 06:37:44,19.95,378.40
933,08/21/2023 07:37:44,21.53,3617.28
934,08/21/2023 08:37:44,23.55,7052.80
935,08/21/2023 09:37:44,25.91,11115.52
936,08/21/2023 10:37:44,27.32,16670.72
937,08/21/2023 11:37:44,26.64,11402.24
938,08/21/2023 12:37:44,26.30,14755.84
939,08/21/2023 13:37:44,31.70,19517.44
940,08/21/2023 14:37:44,30.67,27740.16
941,08/21/2023 15:37:44,29.73,25026.56
942,08/21/2023 16:37:44,27.02,13204.48
943,08/21/2023 17:37:44,27.88,21258.24
944,08/21/2023 18:37:44,21.23,8860.16
945,08/21/2023 19:37:44,16.69,1401.60
946,08/21/2023 20:37:44,13.73,9.29
947,08/21/2023 21:37:44,10.42,8.45
948,08/21/2023 22:37:44,12.48,8.03
949,08/21/2023 23:37:44,13.34,8.21
950,08/22/2023 00:37:44,13.90,7.58
951,08/22/2023 01:37:44,13.34,6.11
952,08/22/2023 02:37:44,12.65,5.05
953,08/22/2023 03:37:44,9.44,4.42
954,08/22/2023 04:37:44,8.53,2.10
955,08/22/2023 05:37:44,8.11,0.63
956,08/22/2023 06:37:44,7.85,1948.16
957,08/22/2023 07:37:44,13.38,10408.96
958,08/22/2023 08:37:44,22.01,28354.56
959,08/22/2023 09:37:44,29.34,23429.12
960,08/22/2023 10:37:44,33.46,52039.68
961,08/22/2023 11:37:44,35.30,61911.04
962,08/22/2023 12:37:44,37.32,67092.48
963,08/22/2023 13:37:44,38.48,60702.72
964,08/22/2023 14:37:44,34.88,54005.76
965,08/22/2023 15:37:44,35.39,50892.80
966,08/22/2023 16:37:44,33.25,23613.44
967,08/22/2023 17:37:44,29.47,9702.40
968,08/22/2023 18:37:44,26.42,14535.68
969,08/22/2023 19:37:44,16.04,1993.60
970,08/22/2023 20:37:44,10.89,9.08
971,08/22/2023 21:37:44,9.91,8.66
972,08/22/2023 22:37:44,9.78,9.08
973,08/22/2023 23:37:44,9.86,7.19
974,08/23/2023 00:37:44,8.79,6.76
975,08/23/2023 01:37:44,9.48,6.74
976,08/23/2023 02:37:44,12.10,5.90
977,08/23/2023 03:37:44,12.70,4.63
978,08/23/2023 04:37:44,12.87,4.00
979,08/23/2023 05:37:44,12.48,1.68
980,08/23/2023 06:37:44,12.95,621.92
981,08/23/2023 07:37:44,15.06,3927.04
982,08/23/2023 08:37:44,17.93,11520.00
983,08/23/2023 09:37:44,26.64,27463.68
984,08/23/2023 10:37:44,35.52,34570.24
985,08/23/2023 11:37:44,41.31,47575.04
986,08/23/2023 12:37:44,40.45,42680.32
987,08/23/2023 13:37:44,30.54,22917.12
988,08/23/2023 14:37:44,33.50,39997.44
989,08/23/2023 15:37:44,35.73,37232.64
990,08/23/2023 16:37:44,29.90,19235.84
991,08/23/2023 17:37:44,27.58,14883.84
992,08/23/2023 18:37:44,21.79,3724.80
993,08/23/2023 19:37:44,18.27,421.28
994,08/23/2023 20:37:44,17.59,8.87
995,08/23/2023 21:37:44,16.90,8.87
996,08/23/2023 22:37:44,16.94,8.24
997,08/23/2023 23:37:44,16.86,6.97
998,08/24/2023 00:37:44,17.29,6.55
999,08/24/2023 01:37:44,17.29,6.13
1000,08/24/2023 02:37:44,17.20,5.90
1001,08/24/2023 03:37:44,17.89,5.47
1002,08/24/2023 04:37:44,17.59,2.73
1003,08/24/2023 05:37:44,17.46,0.00
1004,08/24/2023 06:37:44,17.37,161.16
1005,08/24/2023 07:37:44,17.54,974.08
1006,08/24/2023 08:37:44,17.07,2348.16
1007,08/24/2023 09:37:44,16.99,5201.92
1008,08/24/2023 10:37:44,17.41,4965.12
1009,08/24/2023 11:37:44,19.73,7436.80
1010,08/24/2023 12:37:44,19.39,6382.08
1011,08/24/2023 13:37:44,21.02,8765.44
1012,08/24/2023 14:37:44,22.39,9735.68
1013,08/24/2023 15:37:44,20.93,7813.12
1014,08/24/2023 16:37:44,19.13,4503.04
1015,08/24/2023 17:37:44,17.72,2182.40
1016,08/24/2023 18:37:44,17.54,956.48
1017,08/24/2023 19:37:44,17.50,232.40
1018,08/24/2023 20:37:44,17.54,5.47
1019,08/24/2023 21:37:44,17.80,4.21
1020,08/24/2023 22:37:44,17.89,3.37
1021,08/24/2023 23:37:44,18.06,0.21
1022,08/25/2023 00:37:44,18.32,0.00
1023,08/25/2023 01:37:44,18.32,0.00
1024,08/25/2023 02:37:44,18.57,0.00
1025,08/25/2023 03:37:44,18.36,0.00
1026,08/25/2023 04:37:44,18.36,0.00
1027,08/25/2023 05:37:44,18.96,0.00
1028,08/25/2023 06:37:44,18.70,630.88
1029,08/25/2023 07:37:44,20.46,2927.36
1030,08/25/2023 08:37:44,21.83,6835.20
1031,08/25/2023 09:37:44,24.28,11381.76
1032,08/25/2023 10:37:44,22.82,10024.96
1033,08/25/2023 11:37:44,22.05,6717.44
1034,08/25/2023 12:37:44,22.48,8097.28
1035,08/25/2023 13:37:44,24.92,11448.32
1036,08/25/2023 14:37:44,26.64,14561.28
1037,08/25/2023 15:37:44,33.29,39229.44
1038,08/25/2023 16:37:44,26.60,9776.64
1039,08/25/2023 17:37:44,26.90,13071.36
1040,08/25/2023 18:37:44,25.91,8151.04
1041,08/25/2023 19:37:44,19.47,1050.88
1042,08/25/2023 20:37:44,19.52,15.22
1043,08/25/2023 21:37:44,17.54,12.90
1044,08/25/2023 22:37:44,18.32,4.21
1045,08/25/2023 23:37:44,17.89,0.21
1046,08/26/2023 00:37:44,18.14,0.21
1047,08/26/2023 01:37:44,18.83,0.00
1048,08/26/2023 02:37:44,18.87,0.00
1049,08/26/2023 03:37:44,18.44,0.00
1050,08/26/2023 04:37:44,17.89,0.00
1051,08/26/2023 05:37:44,17.29,0.00
1052,08/26/2023 06:37:44,17.59,695.36
1053,08/26/2023 07:37:44,18.70,4108.80
1054,08/26/2023 08:37:44,28.01,38266.88
1055,08/26/2023 09:37:44,24.45,14274.56
1056,08/26/2023 10:37:44,28.95,20188.16
1057,08/26/2023 11:37:44,30.20,13235.20
1058,08/26/2023 12:37:44,38.48,20177.92
1059,08/26/2023 13:37:44,42.21,71577.60
1060,08/26/2023 14:37:44,39.34,66334.72
1061,08/26/2023 15:37:44,34.10,18918.40
1062,08/26/2023 16:37:44,36.68,27555.84
1063,08/26/2023 17:37:44,31.31,12067.84
1064,08/26/2023 18:37:44,20.55,5363.20
1065,08/26/2023 19:37:44,18.44,279.76
1066,08/26/2023 20:37:44,17.33,9.50
1067,08/26/2023 21:37:44,15.06,8.85
1068,08/26/2023 22:37:44,12.87,8.00
1069,08/26/2023 23:37:44,13.85,6.95
1070,08/27/2023 00:37:44,14.93,7.58
1071,08/27/2023 01:37:44,16.26,5.92
1072,08/27/2023 02:37:44,16.08,5.47
1073,08/27/2023 03:37:44,15.44,4.63
1074,08/27/2023 04:37:44,14.75,4.00
1075,08/27/2023 05:37:44,14.07,1.89
1076,08/27/2023 06:37:44,14.11,626.24
1077,08/27/2023 07:37:44,13.98,11458.56
1078,08/27/2023 08:37:44,23.68,35911.68
1079,08/27/2023 09:37:44,20.33,14663.68
1080,08/27/2023 10:37:44,24.28,24872.96
1081,08/27/2023 11:37:44,33.42,24657.92
1082,08/27/2023 12:37:44,33.85,34140.16
1083,08/27/2023 13:37:44,32.43,23449.60
1084,08/27/2023 14:37:44,33.93,51875.84
1085,08/27/2023 15:37:44,32.99,21811.20
1086,08/27/2023 16:37:44,25.39,12753.92
1087,08/27/2023 17:37:44,30.37,28702.72
1088,08/27/2023 18:37:44,23.51,12523.52
1089,08/27/2023 19:37:44,12.87,1060.16
1090,08/27/2023 20:37:44,10.21,10.35
1091,08/27/2023 21:37:44,10.04,9.08
1092,08/27/2023 22:37:44,8.02,7.82
1093,08/27/2023 23:37:44,7.72,6.97
1094,08/28/2023 00:37:44,7.98,6.55
1095,08/28/2023 01:37:44,7.20,5.68
1096,08/28/2023 02:37:44,6.35,6.32
1097,08/28/2023 03:37:44,8.06,4.21
1098,08/28/2023 04:37:44,7.93,3.37
1099,08/28/2023 05:37:44,9.35,1.68
1100,08/28/2023 06:37:44,10.38,1150.40
1101,08/28/2023 07:37:44,14.58,8266.24
1102,08/28/2023 08:37:44,19.00,16629.76
1103,08/28/2023 09:37:44,16.69,5447.68
1104,08/28/2023 10:37:44,20.37,13404.16
1105,08/28/2023 11:37:44,18.79,11704.32
1106,08/28/2023 12:37:44,20.93,17443.84
1107,08/28/2023 13:37:44,21.53,10659.84
1108,08/28/2023 14:37:44,20.85,9182.72
1109,08/28/2023 15:37:44,19.99,7185.92
1110,08/28/2023 16:37:44,23.12,14940.16
1111,08/28/2023 17:37:44,22.18,9169.92
1112,08/28/2023 18:37:44,21.53,9075.20
1113,08/28/2023 19:37:44,18.70,596.32
1114,08/28/2023 20:37:44,16.81,8.24
1115,08/28/2023 21:37:44,16.39,7.40
1116,08/28/2023 22:37:44,16.69,6.76
1117,08/28/2023 23:37:44,16.77,5.90
1118,08/29/2023 00:37:44,17.46,5.47
1119,08/29/2023 01:37:44,17.72,3.16
1120,08/29/2023 02:37:44,17.41,0.84
1121,08/29/2023 03:37:44,16.17,0.63
1122,08/29/2023 04:37:44,17.59,0.42
1123,08/29/2023 05:37:44,16.77,0.42
1124,08/29/2023 06:37:44,16.90,899.20
1125,08/29/2023 07:37:44,21.06,13260.80
1126,08/29/2023 08:37:44,20.33,4042.24
1127,08/29/2023 09:37:44,20.46,7011.84
1128,08/29/2023 10:37:44,21.88,8488.96
1129,08/29/2023 11:37:44,25.61,16788.48
1130,08/29/2023 12:37:44,26.51,23152.64
1131,08/29/2023 13:37:44,26.21,17459.20
1132,08/29/2023 14:37:44,24.28,6883.84
1133,08/29/2023 15:37:44,32.30,26357.76
1134,08/29/2023 16:37:44,29.26,18513.92
1135,08/29/2023 17:37:44,29.56,12487.68
1136,08/29/2023 18:37:44,27.32,13747.20
1137,08/29/2023 19:37:44,20.33,1098.24
1138,08/29/2023 20:37:44,18.19,6.97
1139,08/29/2023 21:37:44,17.89,6.55
1140,08/29/2023 22:37:44,17.29,5.68
1141,08/29/2023 23:37:44,17.41,5.26
1142,08/30/2023 00:37:44,18.62,5.05
1143,08/30/2023 01:37:44,19.00,3.37
1144,08/30/2023 02:37:44,18.96,0.84
1145,08/30/2023 03:37:44,18.66,0.63
1146,08/30/2023 04:37:44,15.66,0.21
1147,08/30/2023 05:37:44,11.45,0.42
1148,08/30/2023 06:37:44,11.24,714.88
1149,08/30/2023 07:37:44,18.70,14617.60
1150,08/30/2023 08:37:44,25.31,31272.96
1151,08/30/2023 09:37:44,27.97,31866.88
1152,08/30/2023 10:37:44,28.05,19486.72
1153,08/30/2023 11:37:44,28.31,30658.56
1154,08/30/2023 12:37:44,24.32,8803.84
1155,08/30/2023 13:37:44,33.42,72028.16
1156,08/30/2023 14:37:44,33.12,26613.76
1157,08/30/2023 15:37:44,23.16,10065.92
1158,08/30/2023 16:37:44,24.66,20433.92
1159,08/30/2023 17:37:44,16.69,1516.80
1160,08/30/2023 18:37:44,17.20,1532.16
1161,08/30/2023 19:37:44,16.26,374.08
1162,08/30/2023 20:37:44,16.08,9.27
1163,08/30/2023 21:37:44,16.21,8.45
1164,08/30/2023 22:37:44,16.17,8.24
1165,08/30/2023 23:37:44,14.84,7.37
1166,08/31/2023 00:37:44,13.21,6.53
1167,08/31/2023 01:37:44,13.17,6.32
1168,08/31/2023 02:37:44,12.91,6.32
1169,08/31/2023 03:37:44,11.41,4.84
1170,08/31/2023 04:37:44,9.22,4.00
1171,08/31/2023 05:37:44,6.26,1.68
1172,08/31/2023 06:37:44,5.62,976.00
1173,08/31/2023 07:37:44,15.36,18529.28
1174,08/31/2023 08:37:44,22.95,25047.04
1175,08/31/2023 09:37:44,27.15,34252.80
1176,08/31/2023 10:37:44,26.64,13767.68
1177,08/31/2023 11:37:44,32.64,61829.12
1178,08/31/2023 12:37:44,34.96,63016.96
1179,08/31/2023 13:37:44,35.30,60968.96
1180,08/31/2023 14:37:44,30.89,53022.72
1181,08/31/2023 15:37:44,29.68,49070.08
1182,08/31/2023 16:37:44,30.20,26624.00
1183,08/31/2023 17:37:44,27.32,20608.00
1184,08/31/2023 18:37:44,19.82,9282.56
1185,08/31/2023 19:37:44,12.01,633.76
1186,08/31/2023 20:37:44,9.18,7.82
1187,08/31/2023 21:37:44,7.38,8.42
1188,08/31/2023 22:37:44,5.92,8.00
1189,08/31/2023 23:37:44,6.00,7.16
1190,09/01/2023 00:37:44,5.57,7.37
1191,09/01/2023 01:37:44,5.45,5.90
1192,09/01/2023 02:37:44,5.66,5.90
1193,09/01/2023 03:37:44,5.32,5.05
1194,09/01/2023 04:37:44,6.09,4.63
1195,09/01/2023 05:37:44,5.70,4.63
1196,09/01/2023 06:37:44,4.80,872.96
1197,09/01/2023 07:37:44,13.04,14699.52
1198,09/01/2023 08:37:44,20.37,26777.60
1199,09/01/2023 09:37:44,28.61,33443.84
1200,09/01/2023 10:37:44,33.63,49725.44
1201,09/01/2023 11:37:44,39.04,55480.32
1202,09/01/2023 12:37:44,40.02,61235.20
1203,09/01/2023 13:37:44,39.98,59146.24
1204,09/01/2023 14:37:44,33.89,28682.24
1205,09/01/2023 15:37:44,35.39,44113.92
1206,09/01/2023 16:37:44,34.57,26429.44
1207,09/01/2023 17:37:44,30.03,16680.96
1208,09/01/2023 18:37:44,21.66,7301.12
1209,09/01/2023 19:37:44,12.78,453.76
1210,09/01/2023 20:37:44,11.02,8.24
1211,09/01/2023 21:37:44,9.99,7.61
1212,09/01/2023 22:37:44,10.51,7.40
1213,09/01/2023 23:37:44,8.71,6.76
1214,09/02/2023 00:37:44,9.01,6.76
1215,09/02/2023 01:37:44,7.85,6.34
1216,09/02/2023 02:37:44,8.28,5.47
1217,09/02/2023 03:37:44,6.39,5.26
1218,09/02/2023 04:37:44,7.03,4.21
1219,09/02/2023 05:37:44,7.81,3.58
1220,09/02/2023 06:37:44,8.02,763.84
1221,09/02/2023 07:37:44,16.17,17587.20
1222,09/02/2023 08:37:44,24.19,29614.08
1223,09/02/2023 09:37:44,31.79,40765.44
1224,09/02/2023 10:37:44,28.57,18283.52
1225,09/02/2023 11:37:44,42.08,58634.24
1226,09/02/2023 12:37:44,42.51,28180.48
1227,09/02/2023 13:37:44,42.77,60047.36
1228,09/02/2023 14:37:44,35.52,28293.12
1229,09/02/2023 15:37:44,34.57,33628.16
1230,09/02/2023 16:37:44,29.51,15667.20
1231,09/02/2023 17:37:44,25.91,9822.72
1232,09/02/2023 18:37:44,22.01,2221.44
1233,09/02/2023 19:37:44,18.83,44.50
1234,09/02/2023 20:37:44,17.76,12.03
1235,09/02/2023 21:37:44,14.84,10.77
1236,09/02/2023 22:37:44,13.73,14.59
1237,09/02/2023 23:37:44,15.96,14.80
1238,09/03/2023 00:37:44,16.13,12.24
1239,09/03/2023 01:37:44,14.84,4.21
1240,09/03/2023 02:37:44,14.33,0.42
1241,09/03/2023 03:37:44,13.60,0.42
1242,09/03/2023 04:37:44,11.88,0.63
1243,09/03/2023 05:37:44,12.48,0.42
1244,09/03/2023 06:37:44,13.81,695.36
1245,09/03/2023 07:37:44,20.37,14330.88
1246,09/03/2023 08:37:44,27.67,25364.48
1247,09/03/2023 09:37:44,33.59,33761.28
1248,09/03/2023 10:37:44,37.62,48373.76
1249,09/03/2023 11:37:44,42.90,58798.08
1250,09/03/2023 12:37:44,44.83,59330.56
1251,09/03/2023 13:37:44,45.17,58347.52
1252,09/03/2023 14:37:44,37.88,20019.20
1253,09/03/2023 15:37:44,42.38,43827.20
1254,09/03/2023 16:37:44,39.89,28743.68
1255,09/03/2023 17:37:44,37.06,17587.20
1256,09/03/2023 18:37:44,26.04,5747.20
1257,09/03/2023 19:37:44,19.05,296.64
1258,09/03/2023 20:37:44,15.61,9.93
1259,09/03/2023 21:37:44,17.67,8.24
1260,09/03/2023 22:37:44,18.53,8.24
1261,09/03/2023 23:37:44,16.34,8.63
1262,09/04/2023 00:37:44,15.44,7.16
1263,09/04/2023 01:37:44,16.64,6.97
1264,09/04/2023 02:37:44,16.47,6.11
1265,09/04/2023 03:37:44,17.33,5.05
1266,09/04/2023 04:37:44,17.16,0.42
1267,09/04/2023 05:37:44,17.76,0.21
1268,09/04/2023 06:37:44,17.50,394.88
1269,09/04/2023 07:37:44,18.19,4692.48
1270,09/04/2023 08:37:44,28.87,22343.68
1271,09/04/2023 09:37:44,36.38,25282.56
1272,09/04/2023 10:37:44,37.06,39280.64
1273,09/04/2023 11:37:44,43.71,56463.36
1274,09/04/2023 12:37:44,43.80,60559.36
1275,09/04/2023 13:37:44,45.56,57630.72
1276,09/04/2023 14:37:44,40.71,29655.04
1277,09/04/2023 15:37:44,40.67,41512.96
1278,09/04/2023 16:37:44,39.38,29122.56
1279,09/04/2023 17:37:44,35.99,15283.20
1280,09/04/2023 18:37:44,27.41,4981.76
1281,09/04/2023 19:37:44,20.85,292.64
1282,09/04/2023 20:37:44,18.36,10.35
1283,09/04/2023 21:37:44,17.16,9.69
1284,09/04/2023 22:37:44,16.86,8.24
1285,09/04/2023 23:37:44,15.53,7.79
1286,09/05/2023 00:37:44,15.23,8.00
1287,09/05/2023 01:37:44,15.27,6.74
1288,09/05/2023 02:37:44,15.06,5.26
1289,09/05/2023 03:37:44,15.31,4.42
1290,09/05/2023 04:37:44,14.07,2.31
1291,09/05/2023 05:37:44,14.15,0.42
1292,09/05/2023 06:37:44,14.20,485.76
1293,09/05/2023 07:37:44,20.29,11136.00
1294,09/05/2023 08:37:44,29.17,22886.40
1295,09/05/2023 09:37:44,38.18,34252.80
1296,09/05/2023 10:37:44,39.94,43663.36
1297,09/05/2023 11:37:44,42.55,52858.88
1298,09/05/2023 12:37:44,45.99,59740.16
1299,09/05/2023 13:37:44,46.67,60375.04
1300,09/05/2023 14:37:44,41.52,29706.24
1301,09/05/2023 15:37:44,43.58,22384.64
1302,09/05/2023 16:37:44,33.72,31713.28
1303,09/05/2023 17:37:44,36.42,14807.04
1304,09/05/2023 18:37:44,26.51,4867.84
1305,09/05/2023 19:37:44,20.07,240.80
1306,09/05/2023 20:37:44,20.29,10.14
1307,09/05/2023 21:37:44,17.46,8.87
1308,09/05/2023 22:37:44,16.60,9.69
1309,09/05/2023 23:37:44,16.47,7.40
1310,09/06/2023 00:37:44,15.78,6.32
1311,09/06/2023 01:37:44,15.44,5.47
1312,09/06/2023 02:37:44,17.29,2.52
1313,09/06/2023 03:37:44,17.29,0.21
1314,09/06/2023 04:37:44,15.66,0.00
1315,09/06/2023 05:37:44,14.75,0.00
1316,09/06/2023 06:37:44,14.50,545.28
1317,09/06/2023 07:37:44,21.15,12892.16
1318,09/06/2023 08:37:44,29.08,23019.52
1319,09/06/2023 09:37:44,37.49,36515.84
1320,09/06/2023 10:37:44,40.84,43294.72
1321,09/06/2023 11:37:44,46.33,57896.96
1322,09/06/2023 12:37:44,48.35,62136.32
1323,09/06/2023 13:37:44,48.13,54845.44
1324,09/06/2023 14:37:44,41.31,27924.48
1325,09/06/2023 15:37:44,44.83,42332.16
1326,09/06/2023 16:37:44,42.60,30474.24
1327,09/06/2023 17:37:44,31.92,14914.56
1328,09/06/2023 18:37:44,28.23,4698.88
1329,09/06/2023 19:37:44,21.75,160.24
1330,09/06/2023 20:37:44,19.86,8.24
1331,09/06/2023 21:37:44,19.43,6.55
1332,09/06/2023 22:37:44,18.32,6.97
1333,09/06/2023 23:37:44,17.97,6.34
1334,09/07/2023 00:37:44,17.84,6.34
1335,09/07/2023 01:37:44,17.16,5.71
1336,09/07/2023 02:37:44,16.99,5.68
1337,09/07/2023 03:37:44,18.23,4.21
1338,09/07/2023 04:37:44,16.69,0.84
1339,09/07/2023 05:37:44,15.61,0.00
1340,09/07/2023 06:37:44,18.06,488.80
1341,09/07/2023 07:37:44,19.95,5885.44
1342,09/07/2023 08:37:44,27.75,23214.08
1343,09/07/2023 09:37:44,33.07,30822.40
1344,09/07/2023 10:37:44,39.59,48844.80
1345,09/07/2023 11:37:44,47.66,60764.16
1346,09/07/2023 12:37:44,46.89,63918.08
1347,09/07/2023 13:37:44,43.97,26306.56
1348,09/07/2023 14:37:44,39.25,28815.36
1349,09/07/2023 15:37:44,44.27,49438.72
1350,09/07/2023 16:37:44,30.41,8757.76
1351,09/07/2023 17:37:44,21.58,1176.32
1352,09/07/2023 18:37:44,20.46,798.72
1353,09/07/2023 19:37:44,19.00,32.66
1354,09/07/2023 20:37:44,18.57,8.24
1355,09/07/2023 21:37:44,18.62,7.19
1356,09/07/2023 22:37:44,17.80,7.40
1357,09/07/2023 23:37:44,16.73,8.42
1358,09/08/2023 00:37:44,15.74,7.37
1359,09/08/2023 01:37:44,15.83,6.11
1360,09/08/2023 02:37:44,15.74,5.47
1361,09/08/2023 03:37:44,17.54,5.05
1362,09/08/2023 04:37:44,16.08,3.58
1363,09/08/2023 05:37:44,14.88,1.89
1364,09/08/2023 06:37:44,18.62,146.64
1365,09/08/2023 07:37:44,19.65,3559.68
1366,09/08/2023 08:37:44,25.27,30095.36